out,sentences
0,About the job
0,SEO Director - Technical Focus
0,"We're seeking an experienced SEO Director to lead our agency's search engine optimization efforts, with a particular emphasis on technical SEO."
0,"In this role, you'll drive organic growth for our clients through innovative strategies and cutting-edge technical optimizations."
0,Responsibilities:
0,Technical SEO Leadership:
0,"Spearhead technical SEO audits, identifying and prioritizing critical issues impacting site performance and search visibility"
0,"Develop and implement advanced technical SEO strategies, including site architecture optimization, crawlability improvements, and indexation management"
0,Collaborate with development teams to review code and make cogent change requests that consider technical limitations
0,Strategy and Execution:
0,Create comprehensive SEO roadmaps aligned with client KPIs and business objectives
0,"Oversee the execution of on-page and off-page SEO tactics, ensuring alignment with best practices and search engine guidelines"
0,"Stay at the forefront of SEO trends, algorithm updates, and emerging technologies, incorporating new approaches into client strategies"
0,Develop and execute local SEO programs for both brick and mortar and service area type businesses
0,Team Management and Client Relations:
0,"Lead and mentor a team of SEO specialists, fostering a culture of continuous learning and innovation"
0,"Serve as the primary point of contact for high-priority clients, communicating complex SEO concepts in clear, actionable terms"
0,Collaborate with cross-functional teams to integrate SEO with broader digital marketing initiatives
0,Help in the strategy development and planning for new business pitches as well as the delivery of the pitch
0,Requirements:
0,"7+ years of SEO experience, with at least 2-3 years in a leadership role"
1,"Deep expertise in technical SEO, including experience with JavaScript frameworks, e-commerce platforms, and various content management systems"
1,"Strong analytical skills with proficiency in SEO tools like Google Search Console, Site Crawlers, BrightEdge, Conductor, Similarweb, Botify, etc."
0,Proven track record of driving significant organic growth for clients through technical SEO optimizations
0,Excellent project management abilities and experience leading cross-functional teams
0,"Strong communication skills, both written and verbal, with the ability to explain complex technical concepts to non-technical stakeholders"
0,Preferred Qualifications
0,Agency and in-house corporate experience preferred
1,"Advanced knowledge of HTML, CSS, and JavaScript"
0,Familiarity with log file analysis and large-scale data processing
0,Experience with international SEO and hreflang implementation
1,Understanding of machine learning (AI) and its applications in SEO
0,Experience in planning and executing business pitches/proposals
0,"At our agency, you'll have the opportunity to work with diverse clients, leverage cutting-edge SEO tools, and lead a team of talented professionals."
0,"If you're passionate about technical SEO and ready to drive organic growth at scale, we want to hear from you."
1,"The Business Systems Project Manager will provide analysis, design, programming solutions, and support for SAP S4HANA business systems efficiently and economically consistent with user & business objectives."
0,"They will prioritize projects, allocate resources, and be an application specialist."
1,"In addition, they will plan and direct the installation and support of business systems SAP S4 projects involving multiple systems impacting multiple functional areas of the business."
0,Required Skills:
1,Demonstrated project management experience and configuration & programming knowledge in SAP ECC and/or SAP S/4HANA. SAP S/4HANA experience is a plus.
1,Experience with business intelligence and report writing platforms.
1,Experience using 3rd Party tools/systems with SAP.
0,Strong analytical and problem-solving skills.
0,Excellent oral and written communication skills using the English language to translate business needs into application system changes to ensure successful business processes.
0,Required Work Experience:
0,Education Requirements:
1,"BS in Management Information Systems, Computer Science, or a related field"
0,Job Title: Tech-Savvy Financial Planner - Join Our Innovative Team!
0,Job Description:
0,"Are you looking for a forward-thinking, technology-driven firm that offers a collaborative and growth-oriented environment?"
0,"Join our dynamic financial planning team, where we serve high-net-worth clients nationwide."
0,"In this role, you will deliver tailored financial planning services to an existing book of business and have the opportunity to build your own client base within the Mountain Time Zone."
0,"We‚Äôre looking for a self-motivated, detail-focused professional passionate about financial planning and eager to grow within a supportive team."
0,"In this role, you will:"
0,Leverage innovative tools and technology to streamline financial planning processes and enhance client experiences.
0,"Build and maintain strong relationships with clients, ensuring their financial goals are met through comprehensive financial planning."
0,Contribute to the refinement of our wealth transition strategies and planning services.
0,Embrace opportunities for professional development in a fast-evolving financial landscape.
0,Qualifications and Experience:
1,Experience with eMoney is a must
0,"At least 5 years in financial advisory, including advice planning, book of business management, and client relations, with minimum of 2+ years in wealth management for high-net-worth individuals."
0,Proven track record in managing a client book of business with high levels of client satisfaction and loyalty.
1,"Strong understanding of financial planning, investment strategies, and industry regulations."
0,Demonstrated experience applying trust and estate planning principles to enhance clients' wealth preservation.
0,"Bachelor‚Äôs degree from an accredited institution; preferred majors include financial planning, finance, or accounting."
1,"Preferred designations include CFP, CPA, CIMA, or EA, or equivalent experience and education."
0,"FINRA Series 7, 63+65, or 66 license"
1,"Familiarity with financial planning software (eMoney preferred), tax modeling (BNA Income Tax Planner preferred), and tax preparation software (CCH Access preferred)."
1,Proficiency with Excel and data visualization tools.
0,"Exceptional analytical skills, as well as strong written and verbal communication abilities."
0,Company Overview:
0,"The AmeriFlex Group is a leading Hybrid RIA, helping clients navigate major life transitions."
0,"With headquarters in Las Vegas, NV, our team of over 200 advisors across the country manages assets exceeding $13 billion."
1,We prioritize a planning-first approach and offer a unique hybrid platform that includes an advisor-owned RIA with a Partner Advisor ownership model.
0,Our Broker/Dealer partner is Osaic.
0,Location:
0,Flexible - Remote or In-Person (Mountain Coast Time Zone Preferred)
0,Salary and Benefits:
0,"Earn a competitive salary between $120,000 and $175,000, depending on your experience and credentials."
0,"Our comprehensive benefits package includes a 401(k), health insurance, and reimbursement for approved professional development expenses."
0,Application Process:
0,"To apply, please send your resume and a compelling cover letter to Stacy Leal at stacy@theameriflexgroup.com."
0,Contact Information:
0,Stacy Leal | Phone: 702-987-9730 | AmeriFlex.com
0,Equal Opportunity Employer Statement:
0,The AmeriFlex Group is committed to fostering a diverse and inclusive workplace.
0,"We are an equal opportunity employer, and all qualified candidates will receive consideration for employment regardless of race, color, religion, sex, sexual orientation, gender identity, national origin, protected veteran status, or disability."
0,We are seeking an experienced Class C Licensed Groundwater Plant Operator.
0,The ideal candidate will be responsible for operating and maintaining equipment used in the treatment of groundwater to ensure compliance with regulatory standards.
0,*Duties*
0,Utilize logic controllers to monitor and control groundwater treatment processes
0,Operate heavy equipment for water treatment purposes
0,"Build, maintain, and repair water treatment systems"
0,Apply mechanical knowledge to troubleshoot and resolve equipment issues
0,Use basic math skills to analyze data related to groundwater treatment processes
0,Collect data on water quality and treatment efficiency
0,Work with distributed control systems to manage groundwater treatment operations
0,*Skills*
0,Proficiency in groundwater treatment processes
0,Experience with logic controllers for monitoring and controlling systems
0,Ability to operate heavy equipment effectively
0,Strong mechanical knowledge for maintenance and repair tasks
1,Basic math skills for data analysis
0,Capability to analyze and maintain groundwater treatment systems
0,Familiarity with data collection methods in groundwater treatment operations
0,"Job Types: Full-time, Temporary"
0,Pay: $73.00 per hour
0,Expected hours: 40 per week
0,Schedule:
0,8 hour shift
0,Day shift
0,Monday to Friday
0,Weekends as needed
0,Required Experience:
0,Plant Operator: 5 years (Required)
0,Wastewater treatment: 2 years (Preferred)
0,Groundwater: 5 years (Required)
0,Groundwater monitoring: 5 years (Required)
0,Groundwater remediation: 5 years (Required)
0,Class C License (Required)
0,Class C License with Class B: Preferred
0,Ability to Commute:
0,"Houston, TX (Required)"
0,Ability to Relocate:
0,"Houston, TX: Relocate before starting work (Required)"
0,Work Location:
0,In person
0,Company Description
0,"D2 Integrity, LLC was founded in 2022 to create value for our clients by providing efficient and world class engineering, software, and consulting services."
1,"We specialize in pipeline integrity management, ILI technology, regulatory compliance, and software enabled engineering services."
0,We strive to provide our clients an enjoyable professional environment.
0,Our differentiator is our staff and collaborative culture.
0,"We are headquartered in Houston, TX."
0,Role Description
0,"D2 Integrity, LLC is looking to grow our team with an In-line inspection (ILI) Specialist."
0,This is a full-time position that is primarily remote work with scheduled in person meetings.
1,The ILI Specialist will be responsible for working Integrity Engineers to perform analysis and assessments using ILI data.
1,"Principal tasks include performing calculations, data analysis, generating reports, and supporting client directly."
0,Responsibilities
1,Interpret ILI reports and signal data for various ILI technologies.
1,Perform calculations and data integration using ILI data for integrity assessments related various integrity threats including but not limited to:
1,Dent Strain and ECA using geometry ILI data
1,Bending strain and strain change assessments using IMU ILI data
1,Box matching and CGR analysis using MFL and UT ILI data.
1,Various other ILI related tasks associated with signal analysis.
1,"Support Integrity Engineer implement various evaluations using API 1163, API 1176, and API 1183."
0,Produce reports to document results of analysis.
1,Maintain an understanding of various ILI technologies work and their application in integrity assessments.
1,Demonstrate working knowledge of regulatory requirements related to ILI.
0,"Display strong organizational and communication skills related to status of projects, analysis performed, and results of assessments."
0,Delivery work and reports on-time.
0,Develop and maintain competency in various service offerings.
0,Identify learning opportunities for self-improvement.
0,Identify process improvement opportunities.
0,Adhere to the company handbook.
0,Qualifications
1,"Current level 2/3 ILI Data Analyst certification is preferred (MFL, GEO, IMU, UT, EMAT)."
1,"BS in Science, Technology, Engineering, or Mathematics is preferred, or equivalent experience."
1,Minimum of 5 years of related experience in inspection analysis or pipeline integrity management.
1,"Experience with ILI data analysis and interpretation, including MFL, UT, and other NDE technologies."
1,Strong data analysis and communication skills.
1,Knowledge of GIS software and spatial data analysis is a plus.
0,Considerations:
0,Sponsorship not available.
0,Canadian and Mexican applicants eligible as contractors.
0,Compensation & Benefits
0,Full-Time Position
0,Work Remote
0,Competitive Salary
0,Quarterly Bonus
0,Annual Bonus
0,"Medical, Dental and Vision Insurance (US only)"
0,401K (US only)
0,"The Director of Institutional Research & Decision Support plays a crucial role at our college, leading efforts to strategically utilize data for informed decision-making."
0,"This senior position involves guiding the quality and interpretation of data, and synthesizing it to enhance processes and inform planning."
0,"In collaboration with senior leadership, the Director ensures that equitable student outcomes remain a primary focus through comprehensive research and planning."
0,Empathetic Communication: able to communicate complex technical concepts to non-technical stakeholders with grace fostering a collaborative and inclusive team environment.
0,Enjoys puzzles and solving problems: solving problems and extracting actionable insights from data to provide answers or solutions.
0,"Strategic Thinker: able to think strategically about how data can be leveraged to drive innovation, gain competitive advantage, and create value for the college."
0,REQUIRED QUALIFICATIONS:
0,"‚Ä¢ Three (3) years of administrative experience with data science, institutional research, compliance reporting"
0,‚Ä¢ Three (3) years of supervisory experience.
1,‚Ä¢ Experience with visualization tools such as Power BI and R/Python.
0,‚Ä¢ Two (2) years of supervisory experience
0,‚Ä¢ Familiarity with research on college student persistence and success.
0,‚Ä¢ Project management certification (PMP).
1,Chalice Custom Algorithms (chalice.ai) is the leading AI application for brands applying their own data and analytics in the real-time decisioning of ad buys.
1,"Chalice‚Äôs software automates data ingestion, predictive analytics, and deployment of custom bidding instructions in a supervised-learning environment, where advertisers can visualize and test their custom algorithms."
0,"Advertisers‚Äô algorithms can be deployed in all major DSPs, as well as Meta and YouTube."
1,"Chalice was named ‚ÄúBest Demand Side Tech‚Äù by AdExchanger, and powered AdWeek‚Äôs ‚ÄúBest Use of Programmatic‚Äù in the 2023 Media Plan of the Year awards."
0,Key Responsibilities:
0,"As a Lead Associate Director at Chalice, you will:"
0,Act as a Leader: lead customer success initiatives with impact across the company.
0,Establish scalable processes to build a high-performing customer success team.
1,"Consult on Product Development: Collaborate across Solutions Architecture, Data Science and Engineering to develop products and features that best support customer adoption and growth."
1,"Lead Technical Problem Solving: Collaborate with engineers, data scientists, and product managers to address complex technical issues."
1,Consult with customers on troubleshooting APIs.
0,Qualifications:
1,"7+ Years Experience: Demonstrated experience in within ad tech, either in customer success, ad ops, client services or trading."
1,Experience with data science centric and applied AI technologies is a plus.
1,"Technical Proficiency: Familiarity with programmatic and ideally, social, advertising platforms and AI technologies is a plus, allowing for efficient troubleshooting and guidance."
1,"Joining Chalice means being at the forefront of AI for advertising, working in a stimulating and dynamic environment that encourages creativity, growth, and innovation."
0,"We value diversity, collaboration, and dedication to making a meaningful impact in the advertising landscape."
0,Chalice is a profitable early-stage company with funding from industry insiders including Trade Desk‚Äôs TD7 Ventures and Aperiam Ventures.
0,Chalice‚Äôs philosophy:
1,AI is too important for brands to outsource
1,AI should be transparent and auditable
0,We strive for excellence while fostering learning and creating a supportive work environment.
0,"We are a team of non-conformist, independent thinkers"
0,"We are committed to and driven by diversity of thought, background, and experience, and creating the psychological safety for all to thrive"
0,"To learn more about Chalice, visit our website."
0,www.chalice.ai
0,Location:
0,"Chalice is based in NYC, with a hybrid office/remote work site."
0,"This role is based in NY, with the expectation of 1-2 days a week in office."
0,Compensation:
0,"This role offers a competitive base salary with a range of $120,000 ‚Äì $150,0000, depending on experience."
0,Compensation includes equity in a fast growing early stage company.
0,Benefits include:
0,Medical
0,Dental/vision
0,401k options
0,Unlimited PTO
0,11 Company Holidays
0,Office wide closure between Christmas Eve and New Years
1,"If you're ready to be part of a team that's shaping the future of advertising through custom AI solutions, reach out, and let's create something amazing together!"
0,Chalice participates in E-Verify.
0,"Chalice will provide the Social Security Administration (SSA) and, if necessary, the Department of Homeland Security (DHS), with information from each new employee‚Äôs Form I-9 to confirm work authorization."
0,"For more information, visit https://www.uscis.gov/e-verify."
0,Cod√©dex is looking for a Senior Curriculum Developer (Contractor) to spearhead the curriculum production.
0,This is a full-time contract position for 3 months with an opportunity to transition into a full-time salary + equity position and join the founding team.
0,"You can expect ~40 hours of work per week with daily standup meetings, bi-weekly curriculum meetings, and twice a month 1:1s."
0,üëæ What is Cod√©dex?
0,Cod√©dex is a brand new learn to code platform for Gen Z.
0,Our mission is to empower the next generation of technologists with the absolute best learning experience!
0,"The pillars that make up Cod√©dex: gamification, world-class content, and community."
0,https://www.codedex.io
0,"We are based in Brooklyn, NY."
0,We work from our office in Dumbo two days a week (Tue & Thu) and WFH the other three (MonWedFri).
0,"We are remote-friendly (CST or EST), but prefer a NYC-based candidate."
0,üë§ Responsibilities
0,Architect byte-sized interactive coding exercises
0,Review project tutorials written by the community
0,"Apply pedagogy best practices and break down dry technical concepts into fun, digestible components"
0,Collaborate closely with the Engineering team to innovate and push the boundaries of learning to code online
0,Co-lead the Curriculum bi-weekly meetings and move the ball forward
0,Address bug reports and curriculum feedback from the community
0,Lead workshops and office hours 1-2 times a quarter
0,Report to Founder & CEO
0,üß≥ Qualifications
1,"3+ years of working experience in curriculum writing, technical writing, or similar, preferably in EdTech"
1,"Strong foundation in web dev, data science, and/or AI (HTML/CSS, JS, React, Command Line, Python, etc.)"
1,Proficiency in Markdown and GitHub
0,A strong command of written and spoken English
0,Experience writing educational content that reaches a broad audience of different age groups
0,Experience in communicating with remote/hybrid teams
0,"Scrappy, resourceful, and enjoy working in a fast-paced (sometimes chaotic!) startup environment"
0,Self-motivated and a BIG team player
0,üî• Bonus Points
0,Professional experience teaching in the classroom and/or online
1,Deep knowledge of the popular EdTech platforms
0,Sweat the details and has an eye for design
0,Want to grow with the company for years to come
0,Get in on the ground floor early and receive a once-in-a-lifetime experience building a startup
0,"Work and grow alongside stellar, ultra-passionate teammates in NYC office (lunches provided)"
0,Attend quarterly offsites in NYC (or elsewhere)
0,Opportunity to transition into a full-time member of the founding team after 3 months
0,"The hourly pay range for this position is $35-$45, depending on experience"
0,‚åöÔ∏è Hiring Process
0,20 min: Screening call with the hiring manager.
0,Submit past work/portfolio examples or submit a short and compensated take-home assignment.
0,30 min: Team call with 2 team members.
0,30 min: Final interview with hiring manager (prefer onsite).
0,The team huddles internally and follows up on the decision!
0,"If this seems like a fit for you, apply and connect with us!"
0,Office Tour: https://www.instagram.com/p/C_0s3YBOP8s
0,Team: https://www.codedex.io/about
0,"If you're enthusiastic about working in a service-oriented role and are eager to contribute to our mission, we encourage you to apply today!"
0,Requirements:
0,Bachelor‚Äôs degree
0,"5+ years of experience in retail operations, preferably in a credit union or banking environment."
0,Who you are
0,"At least 5-10 years of relevant experience, ideally in a consulting environment or as part of an in-house, cross-functional product team."
1,"Strong versatility and experience with products across multiple digital platforms including iOS, Android, Web, TV, Auto, Voice, Wearables, IoT and other smart devices."
1,Excellent communication skills and a strong ability to present and defend strategic choices persuasively.
0,Bonus points if you...
0,"This role reports to the Vice President, Operations."
0,FLSA STATUS: EXEMPT
0,"Salary Range: $107,000 - $130,000"
0,ESSENTIAL DUTIES AND RESPONSIBILITIES:
1,"o Develop, maintain, and optimize PowerBI dashboards, analytic reports, and data visualizations by documenting user requirements for all departments."
1,"Perform data mining in the data lake using SQL and other tools to extract valuable insights by serving as the subject matter expert for the company's data lake, understanding where and how data is stored."
0,MINIMUM QUALIFICATIONS
0,"EDUCATION, TRAINING, AND EXPERIENCE"
1,"o Bachelor‚Äôs degree in industrial engineering, business analytics, statistics, business intelligence, or related field or experience."
1,"o 5 years‚Äô experience performing Operations business analysis/intelligence, such as quantitative and qualitative analysis, predictive analytics, business case development, operations analysis, etc."
1,o Lean Six Sigma Black Belt Certification
0,Special Requirements
0,o Must be able to pass a criminal background check and obtain and maintain federally mandated security clearances required to work at an airport.
0,o Valid Driver‚Äôs License required
0,o Valid Passport with ability to obtain travel Visa / Travel Authorization as required
0,"KNOWLEDGE, SKILLS, ABILITIES."
0,AND OTHER WORK REQUIREMENTS
0,KNOWLEDGE
1,"o Core competencies in statistics, visualization, and data mining and modeling."
1,"o Experience and understanding of a wide variety of analytical processes, tools, and approaches."
1,o High level understanding of data gathering and transformation tools
0,SKILLS
1,o Expert Level PowerBI or Tableau (Inclusive of Dax Programming)
1,o Intermediate Level of SQL Developer (Oracle)
1,o Predictive Modeling/Forecasting (Time Series Analysis & Other Regression Initiatives)
1,"o Expert Level of Microsoft Excel (VBA, PowerQuery, and Access Add ins)"
0,"o Active listening: Give full attention to what other people are saying, take time to understand the points being made, ask questions as appropriate, and not interrupt at inappropriate times."
0,o Time management: Manage one‚Äôs own time or the time of others.
0,o Coordination with others: Adjust actions in relation to others' actions.
0,o Judgement and decision making: Consider the relative costs and benefits of potential actions to choose the most appropriate one.
0,ABILITIES
0,o Experience structuring and delivering presentations and communications targeted to company leadership and stakeholders.
0,"o Ability to work independently and efficiently, often without direct supervision."
0,o Ability to quickly learn potentially unfamiliar topics.
0,o Excellent verbal and communication skills.
0,o Aviation industry experience preferred.
0,o Comprehend oral information: Listen to and understand information and ideas presented through spoken words and sentences.
0,o Speak: Communicate information and ideas in speaking so others will understand.
1,"¬∑ Management of small but growing team of front-end, back-end, DevOps, and data science employees/consultants"
1,"¬∑ Bachelors degree in Computer Science, Data Science, or related subject"
1,¬∑ Java/Java Script development and best practices
1,"¬∑ Advanced degree in data science, computer science, and/or management"
1,"¬∑ Expertise in Python, R, and IoT systems"
1,"Experience with programming and data analysis languages (e.g., Python, R, Matlab, and Fortran)."
1,"Bachelor's or Masters degree or additional certifications in Computer Science, Data Science, or a related field."
1,"¬∑ Master‚Äôs Degree in a relevant discipline such as health administration, public health, data science or business, or bachelor‚Äôs degree with relevant experience."
1,The Department of Electrical and Computer Engineering seeks to hire a faculty member with expertise in Trustworthy AI and machine learning.
1,"Key areas of interest include, but are not limited to robustness, security, privacy, interpretability, fairness and safety in machine learning and AI from systems and/or theoretical perspectives."
1,"Desired experience includes X-Midas, Python, GNU-Radio, Julia, or MATLAB development skills."
1,"Familiarity with DSP Techniques (such as Cyclo-Stationary processing, Cumulants, CAFs, Polyphase Filterbanks, etc), Radar Processing, Wireless Communications, Artificial Intelligence & Machine Learning, and/or Satellite Engineering."
1,"C/C++, Python, Julia in a Linux development environment."
1,"Basic understanding of Fortran, Java, Perl, JavaScript, XML, JSON, and other languages will aid in development"
1,"Familiarity with Cython, SWIG, and other Pythonic/C wrappers with cross-compiler support is desired."
1,"Nice to Have, Machine Learning / Artificial Intelligence Experience"
1,"Familiarity with Python libraries such as scikit-learn, scikit-image, numpy, scipy, mayavi, matplotlib, pandas, keras, tensorflow, caffe, nltk, statsmodels, pybrain"
1,"Integrated Data Sciences ‚Äì We‚Äôre pursuing advanced data sciences to create novel end-user inspired solutions that address complex analysis, simulation, and prediction across the translational sciences."
1,"Partner with technical analytics + data science resources to build experimentation roadmap, create actionable performance analysis, establish reporting views, and distill insights from all the above that feed back into the media strategy"
1,"Strong quantitative, programming skills in Python and SQL, and familiarity with TabPy."
1,"Analytics experience using Big Data, Python, or R."
1,"Be the subject matter expert around machine learning, statistical, and econometric time series techniques alongside hybrids of these to develop accurate, granular demand forecasts"
1,"Experience in statistical/econometric time series modeling (ARIMA, Exponential Smoothing/ETS, GLMs/GAMs, Dynamic Factor Models, etc.), machine learning (XGBoost/LightGBM, RNNs, Transformers, etc.), or hybrid time series techniques (ES-RNN, N-BEATS, TFT)."
1,"Proficiency in Python, SQL, Git"
1,"Our consultants leverage advanced analytics, machine learning, and our cloud-based, automated modeling platform to build predictive sales models and deliver business insights that change how clients plan, advertise, and grow their business."
1,"Oversee modelers who will sculpt the data for ingestion into our tools, usually in Python."
0,"Help clients understand where they are spending too much or too little, what worked or didn‚Äôt work, and why."
0,Build marketing budget optimizations and help clients maximize sales and marketing ROI.
0,We have clients that license our software for their own modeling.
0,Some days we are coaching them to be great modelers too.
1,"Graduate degree in analytics, data science, operations research, industrial engineering, statistics, economics, or other quantitative field"
0,4 years marketing mix modeling experience
1,Some Python skills.
1,We‚Äôre mainly a Python shop on the analytics consulting team.
1,"Good knowledge of regression, elastic net, or other related machine learning methods."
1,"So we might ask you to work on a variety of things (marketing mix models, price and promotion models, automated machine learning projects, coaching clients on their modeling projects)."
1,"Has deep knowledge of one or more of the following domains: Embedded CPU subsystem and architecture; High-speed digital signal processing, computer vision, or machine learning; High-performance serial interface protocols; Low-power design methodology; mixed-signal design; FPGA prototyping."
1,Strong RTL (Verilog/System Verilog/VHDL) coding skills and hands-on experience in programming languages (Perl/Tcl/Python/C).
1,"We also utilize SageMaker for machine learning, Kafka for real-time data streaming, Route 53 for DNS services, and Secrets Manager for secure access management."
1,"Proficiency in programming languages such as Python and Go is essential, alongside experience with DevOps tools like Docker and GitLab to support efficient and secure development and deployment processes."
1,"Expertise in a wide variety of programming languages such as C, C++, C#, Python, Matlab, Simulink."
1,"Experience with machine learning, computer vision, or autonomous systems."
1,"Experience with statistical software such as SQL, R, Python, and Power BI."
1,Experience in developing and implementing machine learning algorithms for predictive insights.
1,"Successful candidates will be expected to teach beginning through advanced topics in biostatistics, statistical literacy, and statistical programming in SAS, STATA, SPSS, R or Python, both to mathematically inclined students and to math-apprehensive students at the undergraduate and graduate levels."
1,"If you have a strong interest to influence next-generation development of High Performance Computing Processor for Supercomputers, Graph Analytics/AI/Machine Learning SOCs or custom ASICs to partner with Xeon processor, this is the team to join."
1,"¬∑ Proven proficiency in Python programming and familiarity with data analysis tools such as R, MATLAB, or SQL."
1,"About Syntes AI: Syntes AI is at the forefront of the AI and Machine Learning revolution, offering a cutting-edge enterprise framework that integrates data management, AI/ML, and advanced analytics into a single, powerful platform."
1,"Strong understanding of AI, machine learning, or data management is highly preferred."
1,"Knowledge of data analysis tools (e.g., Google Analytics, Power BI, Tableau, Looker, Helium 10, Jungle Scout, Data Studio, SQL, Python, Supermetrics, etc.)"
1,"5+ years experience within Data Science, Data Engineering, and Machine Learning domains and their practical applications"
1,"Hands on experience with machine learning algorithms like random forest, linear and logistic regressions, gradient boosting, classification, GANs, and anomaly detection algorithms for building, evaluating, deploying and monitoring ML models from scratch."
1,Strong proficiency in Python and SQL
1,"Extensive knowledge and working experience with Machine Learning libraries/frameworks, and data processing/visualization tools."
1,"Drive data science initiatives to harness predictive analytics, AI, and machine learning for enhanced decision-making and product development."
1,"Proficiency in data science methodologies and tools (e.g., Python, R, SQL, TensorFlow)."
1,"‚óè Proficiency in programming languages such as Python, R, or Matlab."
1,‚óè Strong understanding of statistical methods and machine learning algorithms.
1,"‚óè You have machine learning experience, particularly in applying ML techniques to radar signal processing tasks."
1,"Visualize insights using Microsoft Office, Tableau, Python, R"
1,"Design, develop, and test ML applications using Python, Linux, Docker"
1,"Expertise in Python, R, SQL, statistics, data mining"
1,"Programming experience in R and Python, with a strong understanding of their ecosystems, libraries, and best practices"
1,¬∑ Designing predictive models and machine learning algorithms to mine return data sets
1,"¬∑ Strong programming skills and experience with Python, R language"
1,"¬∑ Machine learning, other data modeling skills"
1,"Design, develop, and maintain statistical / machine learning data models, metrics, and algorithms that can be used to analyze large datasets related to music consumption, project performance, and market trends to drive significant results."
1,"Utilize advanced analytics tools and platforms (e.g., SQL, Python, R, Tableau, BigQuery, AWS Bedrock, etc) for data processing and visualization at scale."
1,"Expert proficiency in SQL based data manipulation, analysis tools (e.g., Python, R), ETL processes, and data visualization platforms (e.g., Tableau, Power BI, BigQuery)."
1,"Algorithm Development:  Develop and refine trading algorithms that automate decision-making processes, leveraging machine learning and AI techniques."
1,"Machine Learning and AI: Proficiency in machine learning algorithms and experience with AI techniques, particularly in the context of predictive modeling, anomaly detection, and natural language processing (NLP)."
1,"Programming Languages: Strong coding skills in languages like Python, commonly used for data analysis, modeling, and automation."
1,"Proven experience (5-7 years) in programming languages, machine learning, data visualization and statistical analysis."
1,"This individual will work with our senior management across multiple departments under the direction of the Director of Software Strategy to analyze and prepare automated reports with clear KPI‚Äôs, while working with a Google Big Query Data Warehouse and utilizing statistical and machine learning models."
1,"Develop and implement statistical and machine learning models to provide correlation analysis, prediction behavior, and ."
1,Proficiency in programming languages such as Python or R for use in data analytics.
1,Strong understanding of statistical analysis and machine learning techniques.
1,"Provide business insights via thorough analysis, integrate diverse data, contribute to advanced quantitative methods for customer segmentation, maintain statistical models (R/Python), apply statistical/machine learning techniques for trend extraction."
1,"Assist in development, maintenance, and enhancement of statistical models in R or Python (there is a preference for open-source coding);"
1,Use statistical and machine learning (ML) techniques to extract and analyze trends from the database / data warehouse;
1,Experience in applying advanced statistical and machine learning (ML) techniques
1,"Experience with econometric modeling, regression analytics or machine learning"
1,"Experience in Python, Spark, Scala, or R for large scale data analysis"
1,"Python, Jupyter Notebook, Scala, Databricks"""
1,"We also excel in vision applications leveraging Machine Learning (ML), YOLO, OpenCV, and multimodal LLMs for industries such as pharmaceuticals, semiconductors, automation, robotics, defense technology, and core engineering sectors (mechanical, embedded, signal processing, control systems, drones, missiles)."
1,"Our diverse workforce includes skilled tradespeople; artificial intelligence, machine learning (AI/ML) experts; engineers; technologists; scientists; logistics experts; and business administration professionals."
1,"Proficiency in Python, SQL, Pandas and other relevant machine learning libraries."
1,Designing and developing machine learning and deep learning systems
1,"The project combines machine learning, large-eddy simulation, and table-top experiments."
1,"Skills to look for: Linux, Networking, Automation, Python/ Java, Data Analytics"
1,"Excellent programming skills in Python, Java, and proficiency in other programming languages."
1,Are you a System Administrator who is interested in developing your skills and deepening your experience related to Artificial Intelligence (AI)/ Machine Learning (ML) and Data Science (DS)?
1,"An interest in data science, data engineering, or machine learning"
1,"The project tech stack: Apache Spark, Hive, Java, Scala, Spring, SQL, Kafka, Hadoop."
1,"We are looking for a strong Senior Java Developer with Big Data experience (Hadoop, Spark) capable of build the design and establish the framework in order to expose and distribute the Risk data to wide variety of consumers including Finance, Front office Risk Systems, Trading Systems, Back office and Account systems."
1,"The role of the Senior Java Developer involves working with strong development teams, the opportunity to work with big data improving knowledge in this domain utilizing the resources of an international bank."
1,‚Ä¢ Strong Knowledge of Java programming languages
1,Extensive knowledge of building machine learning models from scratch.
1,Proficiency in manipulating large scale data using Python and SQL
0,Qualifications
0,Bachelor's Degreed (Preferred)
0,2+ years of Procurement experience
0,2+ years of Contracts experience
0,Stakeholder management experience required
1,SAP Experience (Preferred)
0,Hours
1,"Using our proprietary platform combining spatial biology, pooled screening, in silico protein engineering, and machine learning, we can obtain both depth and breadth when screening cell therapy candidates ‚Äì speed without compromising on in vivo accuracy."
0,"In addition, Northrop Grumman provides a variety of benefits including health insurance coverage, life and disability insurance, savings plan, Company paid holidays and paid time off (PTO) for vacation and/or personal business."
0,The application period for the job is estimated to be 20 days from the job posting date.
0,"However, this timeline may be shortened or extended depending on business needs and the availability of qualified candidates."
0,Northrop Grumman is committed to hiring and retaining a diverse workforce.
0,"We are proud to be an Equal Opportunity/Affirmative Action Employer, making decisions without regard to race, color, religion, creed, sex, sexual orientation, gender identity, marital status, national origin, age, veteran status, disability, or any other protected class."
0,"For our complete EEO/AA and Pay Transparency statement, please visit."
0,U.S. Citizenship is required for all positions with a government clearance and certain other restricted positions.
0,About Ascendion
0,Ascendion is a full-service digital engineering solutions company.
0,We make and manage software platforms and products that power growth and deliver captivating experiences to consumers and employees.
1,"Our engineering, cloud, data, experience design, and talent solution capabilities accelerate transformation and impact for enterprise clients."
1,"Experience with SnowÔ¨Çake, Looker (LookML), BigQuery, Python, Vertex AI, and related technologies is a plus."
1,"In this role, you will lead teams designing and building data solutions that capture, explore, transform and utilize data to support Artificial Intelligence, Machine Learning and business intelligence/insights."
1,"Advanced programming skills in Python, R, and/or other relevant languages; experience with software development best practices and version control systems."
1,"Experience in the application of machine learning techniques to large biological datasets, with a particular focus on genetic data, is highly desirable."
1,"Proficiency in the use of at least one computer/database programming such as, but not limited to, JAVA, C++, Python, R, VB, SQL, MS Access, Tableau/PowerBI, etc."
1,"A little about ADP: We are a global leader in human resources technology, offering the latest AI and machine learning-enhanced payroll, tax, human resources, benefits, and much more."
1,"You are the ideal candidate if you are a recognized researcher with strong skills in cybersecurity, computer engineering/science, RF signal processing, machine learning, mathematics, modeling and simulation, and/or physics; you desire an opportunity to pursue external funding from government research agencies (e.g. DARPA, IARPA, DoD Service Labs) to help further U.S. National Security Objectives and betterment of society; you know how to attract, hire and develop top-notch talent to round out your team."
1,5. 5 years of experience in machine learning algorithms.
1,Strong aptitude for problem solving and working with large data sets and implementing machine learning models.
0,SKILLS AND ABILITIES:
0,Essential Skills:
0,Experience developing and maintaining models of complex electrical and mechanical systems
1,Familiarity in SysML modeling software or model-based engineering concepts
1,Familiarity with MATLAB and Simulink
0,Results-oriented and motivated to provide solutions with measurable benefit to our customers
0,Ability to communicate complex analysis with clarity and precision
1,Proficiency in Microsoft Office applications
0,Strong written and verbal communication skills
0,"Shipboard or industrial experience with machinery system installation, operational testing, troubleshooting, and repair is preferred"
1,Knowledge of Agile Project Management
0,"Experience with the system engineering life cycle, including requirements, design, development, integration, testing, and deployment"
0,Desired Skills / Certifications:
1,OMG SysML Model Builder Fundamental certification is a plus.
0,Model Builder Intermediate preferred.
1,Advanced degree or certificate in System Engineering -OR- INCOSE ASEP or higher is a plus.
0,"US Navy HM&E experience US Navy HM&E experience or industry experience in power generation, power distribution, control systems, ventilation systems, damage control, firefighting, auxiliary machinery, propulsion systems, navigational, steering, fluid storage & transfer systems such as for lube/fuel/oil/water, and combat system is a plus"
0,Travel:
0,"This position may require occasional travel, estimated to be 5-10%."
0,"Philadelphia, PA"
0,Clearance Level:
0,Secret
0,Type:
0,Equal Opportunity Policy:
0,"TDI Technologies, Inc. provides equal employment opportunities to all employees and applicants for employment and prohibits discrimination and harassment."
0,"This policy applies to all terms and conditions of employment, including recruiting, hiring, placement, promotion, termination, layout, recall, transfer, leaves of absence, compensation and training."
0,Want to see more?
0,Find all job opportunities for both BioFire and bioM√©rieux worldwide by clicking here.
1,DSEs efficiently utilize data mining techniques e.g. ELT/ETL to develop the reporting/visualization solution.
1,"The DSE understands ERP, CRM, and other business applications and their relationship."
1,"Experience with one of the following programming/analytical languages: R, Python, C#, Java, JavaScript, DBT, and D3.JS."
0,"Pratt Industries is America's 5th largest paper and packaging company with more than 9,000 highly skilled green collar employees dedicated to the environment and sustainability."
0,"Pratt Industries is one of the largest corrugated packaging companies in America, with sophisticated manufacturing facilities in more than twenty states."
0,"The company operates several of the most modern, cost effective paper mills in the country, as well as a series of sheet and box plants strategically placed throughout the United States offering a wide range of creative packaging solutions."
0,Pratt Industries is committed to recycling and the environment by harvesting the urban forest.
0,"Pratt Industries offers competitive compensation plans with incentive opportunities, full benefits package including medical, dental, vision, life, disability, All State, Pre-Paid Legal, and 401(k) with company match, paid vacation, paid holidays, and childbearing and parental leave."
1,We are seeking a highly skilled and motivated AI/Automation Engineer/Systems Integrator to join our innovative team.
1,The ideal candidate will have a strong background in integrating advanced AI
0,"technologies into manufacturing processes, with a focus on enhancing efficiency, productivity, and"
0,quality.
1,"This role requires a hands-on professional with a deep understanding of AI, machine learning, automation systems, and systems integration."
1,Algorithm Development: Create and deploy machine learning algorithms and models to
1,"Experience: Proven experience in AI, machine learning, and automation within a"
1,"Technical Skills: Proficiency in programming languages such as Python, R, and C++."
1,"Industry Certifications: Relevant certifications in AI, machine learning, or automation"
1,"Proven experience in data analysis, statistical modeling, and machine learning."
1,"Proficiency in programming languages such as Python, R, or SQL."
0,Required Experience
1,"8+ years of experience in IT/Information Security Governance in large, global organizations (e.g., consulting, audit, industry/operations)"
1,"Experience in processes monitoring, defining and follow up of KPIs, basic data analysis"
1,"Experience in reporting, knowledge of ServiceNow reporting capability is a plus"
1,"Experience in working with data protection related regulations, e.g., GDPR, GLBA, eIDAS is a plus"
1,"Security Governance/Risk Management certification (CISSP, CGEIT, CISM, CRISC ..) is a plus"
1,"Knowledge of relevant security/governance frameworks (NIST CSF, ISO27001, ‚Ä¶) is a plus"
0,Tools & Methodologies
1,MS Tools
1,ServiceNow IRM
0,Agile Methodology
0,Risk Management
0,Apply now
0,"Location Krakow, Lesser Poland, Poland;"
0,"Bengaluru, Karnataka, India;"
0,"Raleigh, North Carolina, United States of America;"
0,"Vaesteras, Vastmanland County, Sweden;"
0,"Remote - Karnataka, India;"
0,"Remote - North Carolina, United States of America Job type Full time Experience Experienced Job function IT, Telecom & Internet Contract Regular Publication date 2024-09-16 Reference number R0054767"
0,ADP Is Hiring a Lead Data Scientist
0,"Are you a mid-level Data Scientist who has not only sharp technical skill, but also a deep curiosity and passion for creating insights from data that can drive real business change?"
0,Do you enjoy collaboration and the opportunity to prove your skills?
0,Do you enjoy a challenge which demands you flex creative and logical problem-solving skills?
0,"Well, this may be the role for you."
0,Ready to design what's next?
0,"In this role, you will take ownership of data science initiatives, utilizing diverse methodologies to analyze data from multiple sources, and deliver strategic recommendations to our business partners."
0,Your impact will grow as you bring these solutions to life across multiple businesses.
1,"Additionally, you will support a range of analytics projects leveraging your skills in NLP, GenAI, statistical modeling, ML, Python, SQL, and Tableau."
1,Develop and deploy machine learning models to improve business processes and outcomes.
1,"Stay current with industry trends, emerging technologies, and best practices in data science and machine learning."
1,"A little about ADP: We are a global leader in HR technology, offering the latest AI and machine learning-enhanced payroll, tax, HR, benefits, and much more."
1,"Advanced Analytics and Modeling: Apply various analytical methods, including statistical and machine learning models (Python, R), to identify key drivers of client experience and deliver actionable recommendations to enhance business outcomes."
1,"Strong programming skills in Python, R,or similar languages."
1,"Experience with machine learning frameworks (e.g., TensorFlow, Scikit-learn, PyTorch)."
1,"Proven experience in crafting, testing and deploying ML /GenAIprojects in Python with keen focus on eliciting optimal outputs."
0,Job Title:
0,Remote Sensing Scientist
0,Job Location:
0,"Seattle, WA; St. Louis, MO; Remote"
0,HabiTerre is an advanced science and technology company dedicated to delivering actionable insights and digital infrastructure to support and sustain the future of food and agriculture.
0,"We envision a world where a resilient food system, environmental stewardship, and on-farm profitability are harmonized to ensure the sustainability of every farm field on our planet."
1,"4+ Years hands-on experience in Python development, scientific data visualization and analysis."
1,"Proven experience in applying machine learning and deep learning techniques to agricultural monitoring using frameworks such as PyTorch, TensorFlow, and Scikit-Learn."
1,Knowlege of Machine Learning modeling and AI prompt engineering.
0,"2+ years of Institutional Investment Operations experience, or equivalent demonstrated through one or a combination of the following: work experience, training, military experience, education."
0,Experience with DTC settlements or a similar clearing corporation.
0,"Working knowledge of Broadridge systems including GLOSS, Impact, and BPS."
0,BS/BA degree in Finance or related field.
0,Series 7 or Series 99.
0,Strong accounting background with knowledge of reconciliation.
0,2+ years of experience in the securities industry.
0,Ability to demonstrate effective analytical skills.
0,Detail-oriented with effective organizational skills.
0,Energetic individual that works well under pressure in a team environment with demanding deadlines.
0,Ability to identify areas of improvement and formulate plans to effect positive change within a team environment.
1,"Collaborate effectively with cross-disciplinary teams across machine learning, computational materials and chemical sciences, and software engineering."
1,"Experience executing quantum chemical calculations at scale, with HPC or cloud computing systems, and with Python or similar | 5+ years of experience"
1,"‚Ä¢ Algorithm development experience in any programming language (i.e., proficiency with MATLAB, Python or C++)"
1,"We are seeking a Sr. Data Scientist with expertise in travel analytics, data engineering, and machine learning to join our dynamic team."
1,"Proficiency in Python, SQL, PySpark, and ML algorithms."
1,"Strong background in API development, data pipelines, and machine learning models."
1,Management of machine learning data
1,"Relevant areas of expertise might include large-installation systems administration, programming and scripting of distributed systems in Python, high performance data-parallel computing, systems software, and deployment of security tools, but specific knowledge of and level of experience in any of these areas is less critical than intellectual curiosity, versatility, and a track record of achievement."
1,"DESRES uses Anton machines and high-speed commodity hardware, together with machine learning methods and other computational techniques, in both internal and collaborative drug discovery programs."
0,"Basic life insurance, 401(k) with company match"
0,Employee Assistance Program
0,"Employee discounts on vehicle purchases, parts and service"
0,Paid-time-off
0,"We also offer a group of supplemental benefit plans including dental coverage, short-term disability, long-term disability, supplemental life insurance and legal services."
0,Opportunities for career advancement.
0,**Please no phone calls or in person submittals - All applications must be completed and submitted online - We will review your resume and be in contact with you should it fit our current needs and requirements - Thank you for your interest in Hendrick Automotive Group.
0,We Are an Equal Opportunity Employer and a Drug Free Workplace.
0,Job ID: 110094
0,"The Leonardo DRS Naval Power Systems business is a trusted provider of innovative naval gas and hybrid power systems, control technology and support solutions for the U.S. Navy and navies around the world."
0,"Naval Power Systems‚Äô commitment to and investment in our people, products, and customers is the foundation of who we are."
0,"We offer a competitive Total Rewards package, generous time off, and a fun and flexible working environment."
0,"Some of our great benefits include: comprehensive medical/dental/vision programs, a 9/80 work schedule allowing for every other Friday off (!), a 401(k) plan with immediate vesting and an attractive company match, company paid Life & Disability Insurance, a Charitable Match Program & Paid Volunteer Time Off, a Paid Parental Leave program, an Employee Wellness Program, a Tuition Assistance Program, Employee Resource Groups (ERGs) promoting Diversity, Equity, & Inclusion, and so much more!"
0,"Leonardo DRS in Menomonee Falls, WI is seeking a highly skilled and motivated Project Manager to support the management of government engineering development programs from concept through delivery."
1,"The ideal candidate will have a strong background in program monitoring, proposal development, cost management, data analysis, and effective collaboration with diverse teams."
0,"This role requires a proactive individual who can manage complex projects, meet deadlines, and exceed customer expectations."
0,The individual selected for this role will leverage their expertise in proposal writing and financial oversight as they work closely with one of our largest customers and programs.
0,How You Will Do It
0,"Act as a key support resource to manage all phases of government engineering development programs, from initial concept to final delivery."
0,"Develop and maintain project schedules, budgets, and resource plans to ensure successful project execution."
1,"We Are Looking For Interns With a Passion For Research In Aerospace Navigation/guidance, Autonomous Systems And Control, Machine Learning, Deep Learning, Reinforcement Learning, Algorithm Development, Neural Networks, Computer Vision/image Processing, Sensing And Perception, Localization, Sensor Fusion, High-fidelity Dynamic Simulation, Software And Hardware Development."
1,"Proficiency in a computer language such as C++, Python, CUDA, Julia, Matlab, or the like; and at least one of the following:"
1,"Classes in machine learning, deep learning, reinforcement learning, computer vision, etc"
1,3+ years of experience programming in Python and PySpark.
1,"Much of our work contributes to innovative research in the fields of sensor science, signal processing, data fusion, artificial intelligence (AI), machine learning (ML), and augmented reality (AR)."
1,"We are seeking a Senior Software Engineer to lead and navigate unique and challenging problems across a broad spectrum of technologies, from instrument control to the cutting edge of machine learning."
1,"The ideal candidate will have a strong background in Open AI, GCP, Azure, Generative AI, PySpark, and Python."
1,This Jobot Job is hosted by Ana Javalera
1,"The ideal candidate will have a strong background in statistical analysis, machine learning, and data manipulation."
1,Build and validate predictive models and machine learning algorithms.
1,Strong desire to grow a career as a Data Scientist in highly automated industrial manufacturing doing analysis and machine learning on terabytes and petabytes of diverse datasets.
1,Machine learning and other advanced analytical methods
1,Fluency in Python and/or R
1,"Javascript, AngularJS 2.0, Tableau"
1,Machine learning
1,"Has certifications or continuing education in different tools and technologies such as programming languages, data analysis tools, machine learning, artificial intelligence, or other related technologies"
1,"Has experience working with different programming languages such as C, C++, and Java, along with experience in statistical techniques such as Random Forest, Boosting, social network analysis, text mining, and generalized linear models"
1,"Other experience includes statistical computer languages such as R, SQL, and Python, web services like Spark and Redshift, and machine learning algorithms like regression, simulation, modelling, decision trees, and neural network"
1,"5 years of experience designing, implementing automated data solutions using Snowflake lakehouse; building workflows, developing, and scheduling ETL processes using programming SQL or Python."
0,"4 years of experience working with software engineering best practices across the development lifecycle, including agile methodologies, coding standards, code reviews, source management, build processes and testing ."
1,AWS or Informatica or Snowflake certification is preferred.
0,Data Engineering Lead:
0,Phoenix /Dallas TX
0,Contract
0,U.S. Citizens and those authorized to work in the U.S. are encouraged to apply.
0,We are unable to sponsor currently.
1,Lead the Azure Data Ingestion and Integration activities from onshore for the on-off team of around 8 people
0,Help PM/Scrum Master with technical effort estimations
1,"3+ year‚Äôs experience with Azure data services including Azure Data Factory, Azure Synapse Analytics, Azure Data Lake Storage"
1,6+ years of SQL scripting and database experience
1,5+ years of ETL experience with any ETL tool
0,Good understanding of data warehouse design principles
1,Agile DevOps working knowledge desired
0,"This a full time, permanent position with a hybrid level office commitment in the Miami area."
0,Work Visa sponsorship or transfer of existing visas is not available at this time.
0,A client of Next Ventures in the international broadcast space is seeking a Senior Data Scientist to join their Data Products Team to assist in the continued growth of their content
0,streaming platform.
1,"Develop and manage data tracking systems across platforms such as Segment, Google Analytics (GA4), and BigQuery"
0,Configure and adjust GTM and GA360 setups to accommodate new features
0,Execute and promote data management strategies in line with organizational goals.
0,Work with management and business units to explore innovative data solutions that drive business success.
1,5+ years of experience in Python using common data science libraries such as scikit-learn and
0,"We primarily go to market B2B2C, partnering mostly with water/gas/electric utilities and municipalities to offer our product leveraging their brand for marketing and often adding our subscription fee to the water/gas/electric bill itself."
0,"When our customers need help with home maintenance, repair, or coverage, OHS is there."
0,"This is what it means to be an ‚ÄòOncourse SUPER‚Äô‚ÄîSuccessful, United, Progressive, Empathetic, Reliable."
0,SUPERs get it done.
0,We sweat homeownership so our customers don‚Äôt have to.
0,"We view every day as an opportunity to step up, step out, and remind others that we are in this together, to stay on course."
0,"We are a proud equal opportunity employer, and our employment decisions are based on business needs, job requirements and individual qualifications without regard to of race, sex, gender identity, sexual orientation, color, pregnancy status, religious creed, national origin, physical or mental disability, protected Veteran status, or any other characteristic protected by federal, state, or local law."
0,"Oncourse Home Solutions is committed to recruiting talented applicants and retaining top talent while providing an employment experience that is free from discrimination, retaliation, and/or harassment."
0,Position Summary
0,"As a Data Scientist, you‚Äôll be at the forefront of leveraging data to drive impactful decisions."
1,"Your work will involve cutting-edge techniques in data science, machine learning, statistical modeling, and product analytics."
1,"You will have the opportunity to collaborate with industry experts, experienced leaders and exceptional engineers to build the distributed and scalable machine learning platform leveraging Ray.io and expand the impact to every corner of the business."
1,"Leveraging Machine Learning Algorithms: You‚Äôll apply machine learning algorithms (e.g., regression, classification, clustering, boosting, neural networks, LLMs) to build predictive models."
1,"Collaboration: Work closely with Machine Learning Engineers, Data Engineers, Analytic Engineers, Product Managers/Owners, Engineers, and other stakeholders to understand business needs and translate them into data-driven solutions."
1,"Experience with model deployment with modern data stack: Familiar with best practices on model deployment based on requirements and collaborating with MLE to deploy model within established infra (AWS EC2, Ray.io, PySpark, Prefect, MLFlow, etc)."
0,Experience
1,3+ years of end-to-end data science machine learning experience involving a cloud platform (preferably in AWS and in Python).
1,"You will focus on executing and guiding data-driven solutions that support business objectives, utilizing advanced statistical techniques, machine learning algorithms, and generative AI models."
1,"Develop, test, validate, and deploy advanced machine learning models, ensuring they meet performance and accuracy standards."
1,"Stay updated with the latest advancements in data science, machine learning, generative AI, and GCP technologies."
1,"8+ years of experience in data science and machine learning, with a focus on GCP services such as BigQuery, Dataflow, Dataproc, and Cloud Storage."
1,"Proficiency in programming languages such as Python and experience with data science libraries and frameworks such as scikit-learn, Pytorch, Keras, Tensorflow, etc."
1,"Strong understanding of statistical methods, machine learning algorithms, and data modeling techniques."
1,"Understand system relationships for the Aftermarket/Manufacturing and related processes, utilizing Python for data extraction and manipulation."
1,"Evaluate Aftermarket (Spares/Service/Repair) business processes, anticipating requirements, identifying improvement areas, and utilizing Python for data analysis and process optimization."
1,"Report ongoing business issues relating to processes/systems, leveraging Python for data-driven insights and reporting."
1,"Assist senior management in providing strategic direction and developing, implementing, and monitoring goals, objectives, priorities, and procedures relating to the organization, using Python for data-driven decision-making."
1,"Understand the Aftermarket (Spares/Service/Repair) strategy and work toward continuous business process improvements based on immediate and future business needs, utilizing Python for data analysis and process innovation."
1,"Complete set tasks within the Operational Excellence group's work areas, leveraging Python for data analysis and process optimization."
1,"Assist with design and reports with metrics used to demonstrate efficiency and effectiveness, identifying roadblocks, and assessing the impact on project plans, using Python for data analysis and reporting."
1,"6+ years of experience in a business process-related role, with a strong background in consulting, project management, and Python for data analysis and automation."
1,"Exceptional conceptual thinking skills, with a global mindset and expertise in Python for data analysis and process optimization."
1,"Strong proficiency in Python for data analysis, automation, and process optimization, with solid proficiency in Microsoft Office, particularly Excel."
1,"Maintain a high degree of situation awareness, leveraging Python for data analysis and insight generation."
1,"5+ years of development experience with the following languages Python, Java, C#/ .NET."
0,"$142,500‚Äî$168,700 USD"
0,The Perks
0,"Comprehensive medical, dental and vision plans for you and your dependents"
0,"401(k) Retirement Plan with Employer Match, 529 College Savings Plan, Health Savings Account, Life Insurance, and Long-Term Disability"
0,Competitive Compensation
0,Training and development programs
0,Stocked kitchen with snacks and beverages
0,Collaborative and cool culture
0,Work-life balance and generous paid time off
0,To all recruitment agencies: Trace3 does not accept unsolicited agency resumes/CVs.
0,"Please do not forward resumes/CVs to our careers email addresses, Trace3 employees or any other company location."
0,Trace3 is not responsible for any fees related to unsolicited resumes/CVs.
0,Title: Data Scientist
0,"Location: Deerfield Beach, FL or remote"
0,Duration: 6 months to 3 years
0,Compensation: 80-120hr.
0,"Work Requirements: US Citizen, GC Holders or Authorized to Work in the U.S."
0,Skillset / Experience:
1,Must have Python and SAS experience
1,Data science with strong data modeling
0,Experience with pipelines behind scenes that support the models
1,"Residual value knowledge is a huge plus (ALG, black book, Kelly Blue Book, JD Edwards, leasing , finance company)"
0,Excellent can do attitude and communication
0,Our benefits package includes: (EXCLUDE on perm placements)
0,Comprehensive medical benefits
0,Competitive pay
0,401(k) retirement plan
0,‚Ä¶and much more!
0,About INSPYR Solutions
0,Technology is our focus and quality is our commitment.
0,"As a national expert in delivering flexible technology and talent solutions, we strategically align industry and technical expertise with our clients‚Äô business objectives and cultural needs."
0,"Our solutions are tailored to each client and include a wide variety of professional services, project, and talent solutions."
0,"By always striving for excellence and focusing on the human aspect of our business, we work seamlessly with our talent and clients to match the right solutions to the right opportunities."
0,Learn more about us at inspyrsolutions.com.
0,"INSPYR Solutions provides Equal Employment Opportunities (EEO) to all employees and applicants for employment without regard to race, color, religion, sex, national origin, age, disability, or genetics."
0,"In addition to federal law requirements, INSPYR Solutions complies with applicable state and local laws governing nondiscrimination in employment in every location in which the company has facilities."
0,Desired Skills and Experience
1,DATA SCIENTIST
1,"Power Automate, Excel, MSBI, Lean, Data Analysis, Workflows, Data Integrity, Data Management"
0,"All qualified applicants will receive consideration for employment without regard to race, color, national origin, age, ancestry, religion, sex, sexual orientation, gender identity, gender expression, marital status, disability, medical condition, genetic information, pregnancy, or military or veteran status."
0,"We consider all qualified applicants, including those with criminal histories, in a manner consistent with state and local laws, including the California Fair Chance Act, City of Los Angeles' Fair Chance Initiative for Hiring Ordinance, and Los Angeles County Fair Chance Ordinance."
0,"To the extent our customers require a background check for certain positions, the Company faces a significant risk to its business operations and business reputation unless a review of criminal history is conducted for those specific job positions."
1,"5 to 10 years of experience in data science, including machine learning and statistical analysis."
1,"Proficiency in data analysis tools and programming languages such as Python, R, or Julia."
1,Strong knowledge of machine learning algorithms and their applications.
1,"Experience with data visualization tools like Tableau, Power BI, or data visualization libraries in Python (e.g., Matplotlib, Seaborn)."
1,"This role involves advanced analytics, machine learning, and strong problem-solving skills to extract actionable information from large datasets."
1,"Predictive Modeling: Develop and deploy machine learning models to predict future trends, behaviors, and outcomes."
1,"Data Visualization: Create compelling data visualizations to communicate findings effectively to both technical and non-technical stakeholders using tools like Tableau, Power BI, or Python libraries."
1,"Feature Engineering: Engineer and select relevant features for machine learning models, enhancing their predictive power."
1,"Build and fine-tune machine learning algorithms, such as decision trees, random forests, neural networks, and more, depending on the specific problem."
1,Model Deployment: Deploy machine learning models in production environments to support real-time decision-making.
0,Job Requisition #38903
0,A reasonable estimate of the pay range for this role is $52.00 - $57.00 per hour.
0,The disclosed pay range estimate has not been adjusted for the applicable geographic differential associated with the location at which the position may be filled.
0,"The compensation decisions are dependent on the facts and circumstances of each case, such as skills and experience levels."
0,Meet APC
0,APC is committed to creating a diverse work environment and is proud to be an Equal Opportunity Employer.
0,"All qualified candidates will receive consideration without regard to race, color, religion, national origin, gender, sexual orientation, gender identity, age, disability, genetics, or veteran status."
0,Job Description Summary:
0,2+ years of experience in HR data analysis and reporting.
0,Requires a minimum 2 years of experience with Workday.
1,"Experience with various data analysis and visualization tools (e.g., Workday Prism, Excel, SQL, Tableau, Power BI)."
0,Functional experience with broad HR practices and program development that allows you to understand the needs of stakeholders across the HR functions (preferred).
1,"Compliance experience in PII, GDPR, SOX (preferred)."
0,Senior Data Analyst Specific:
0,5+ years of experience in HR data analysis and reporting.
0,Develop and deliver data-driven insights and recommendations to inform business decisions and drive strategic initiatives.
0,"Serve as a data-driven strategy partner, advising on implementation of new workforce analytics, that inform business strategy."
0,"CERTIFICATIONS, LICENSES, REGISTRATIONS"
0,Workday Pro Reporting or Workday Pro Prism Analytics (preferred).
0,FUNCTIONAL SKILLS
1,"Advanced proficiency in Excel, including data manipulation, pivot tables, and data visualization."
1,Strong SQL skills for data extraction and manipulation
0,Ability to empower business leaders to data-driven process improvements.
0,"High degree of customer-centric mindset and personal accountability, with a track record for delivering results, team collaboration and strong analytical acumen."
0,Ability to work on and time-manage multiple assigned projects in parallel while meeting target deadlines.
0,"Ability to exercise discretion and show good judgment; honesty, integrity, and trust-building behaviors in all dealings is essential and required in this role."
0,"If you are interested, please apply through the link."
0,Please do not reach out to me directly via LinkedIn as I am unable to respond to the overwhelming number of inquiries.
0,Carlisle Weatherproofing Technologies (CWT) is a leading supplier of building envelope solutions that effectively drive energy efficiency and sustainability in commercial and residential applications.
0,We are looking for a Senior Data Engineer to join our team remotely.
0,Job Summary:
1,The Senior Data Engineer will be responsible for designing and implementing data transformation and integration processes to consolidate data from diverse ERP systems such as SAP ECC and JD Edwards (JDE) into a single cloud-based environment.
1,"Additionally, the role involves evaluating and selecting an Enterprise Data Platform (EDP) and overseeing its implementation."
0,Expertise in ETL/ELT tools is crucial for this position.
1,"Experience in Databricks, Azure Data Factory, Snowflake, Azure OneLake, Python and SQL DB is desired."
1,"As a Senior Data Engineer, you will provide expert guidance and mentorship to other Data Engineers on the team while actively participating in design and development of data pipelines that lead Business Intelligence, Data Science, and Machine Learning use cases throughout the organization."
1,"Design, develop, and implement ETL/ELT processes to integrate data from SAP ECC, JD Edwards, and other ERP systems into a cloud-based data platform."
1,"Utilize Alteryx and other ETL/ELT tools to streamline data extraction, transformation, and loading processes."
1,"Transform / consolidate / mine data using SQL, ETL/ELT processes and through Python code."
0,Data Quality and Governance:
1,Drive pragmatic approaches to solve complex business problems through providing data models suited for business intelligence / analytics tools such as PowerBI.
1,"Ability to high-speed internet connection to facilitate video calls, CRM management and other project related activities."
0,Requirements
0,Education and Experience:
0,Required:
1,"Bachelor‚Äôs degree in computer science, Data Science, Information Systems, or a related field."
1,"Previous experience of 3-5 years working with ERP platforms such as JD Edwards / SAP ECC / SAP HANA, MS Great Plains / Dynamics to retrieve and consolidate data in the Data Warehouse."
1,"Experience with cloud solutions based on Azure Fabric / Synapse, SQL DB, Snowflake or AWS Redshift."
1,"Minimum of 3 years of experience developing in Azure Databricks or Jupyter Notebooks environment, commendable knowledge of Python and Spark."
0,Preferred:
0,"Relevant certifications (e.g., Microsoft Certified:"
1,"Azure Data Engineer, Azure Data Scientist, Snowflake: SnowPro Data Engineer)"
1,"5-8 years of experience with enterprise-level ETL/ELT systems - Alteryx, Azure Data Factory or Informatica is highly desired."
0,Job Title: Data Scientist
0,"Location: Hybrid in Nashville, TN"
0,Type: Direct-Hire
0,Job Overview:
1,"As a Data Scientist, you'll work under the senior leader of Data and Analytics as a member of IT responsible for developing advanced analytical capabilities including predictive and prescriptive analytics, machine learning, NLP, AI, identifying new and innovating reporting and analytics tools, and implementing the models and tools required to elevate the competency of data and analytics for our client."
1,"You will partner with business and operational leaders to provide an impact by leveraging data and analytical tools, strategic thinking, and hypothesis-based analysis on machine learning (ML)-based projects."
1,Researches and implements cutting-edge techniques and tools in machine learning/deep learning/artificial intelligence to make data analysis more efficient
1,"Fluency in multiple programming languages and statistical analysis tools such as Python, SQL, JavaScript, R, SAS, Excel"
1,Experience in the development of Machine Learning models and AI frameworks
0,Ability to learn and apply new technologies
1,Proven experience in conducting statistical analysis and building models with advanced scripting languages
1,Experience leading projects that apply ML and data science to business functions
,
,
,
,
,
,
,
,
,
,
,
,
,
,
,
,
,
,
,
,
,
,
,
,
,
,
,
,
,
,
,
,
,
,
,
,
,
,
,
,
,
,
,
,
,
,
,
,
,
,
,
,
,
,
,
,
,
,
,
,
,
,
,
,
,
,
,
,
,
,
,
,
,
,
,
,
,
,
,
